"CHR","SNP","BP","A1","TEST","NMISS","BETA","STAT","P"
1,14028527,14028527,"T","ADD",45,2.524,7.497,5.283e-09
2,60299825,17028902,"G","ADD",48,2.507,7.79,1.295e-09
3,96154881,16946708,"T","ADD",48,2.449,8.316,2.452e-10
3,96259961,17051788,"A","ADD",47,2.447,8.252,3.607e-10
3,96294864,17086691,"A","ADD",48,2.232,8.642,8.86e-11
3,96315746,17107573,"A","ADD",47,2.588,7.328,6.578e-09
3,96325329,17117156,"T","ADD",46,2.445,8.136,6.236e-10
3,96340937,17132764,"T","ADD",48,2.449,8.316,2.452e-10
3,96401789,17193616,"T","ADD",49,2.504,6.828,2.558e-08
3,104091008,24882835,"T","ADD",49,2.274,8.724,5.607e-11
4,138648908,23026916,"T","ADD",48,2.507,7.79,1.295e-09
5,152463649,1338963,"A","ADD",42,1.927,9.003,1.227e-10
6,181952525,869405,"T","ADD",46,2.137,7.498,4.48e-09
6,190459112,9375992,"G","ADD",46,2.443,8.103,6.892e-10
6,190546914,9463794,"T","ADD",46,2.499,18.59,5.521e-21
6,210727133,29644013,"T","ADD",49,1.333,6.79,2.9e-08
7,222465418,10133511,"T","ADD",48,2.508,6.728,3.993e-08
7,222551363,10219456,"T","ADD",48,2.508,6.728,3.993e-08
7,222708293,10376386,"A","ADD",45,2.576,7.116,1.713e-08
7,223038493,10706586,"G","ADD",48,2.508,6.728,3.993e-08
7,223060262,10728355,"A","ADD",48,2.508,6.728,3.993e-08
7,223341214,11009307,"C","ADD",48,2.449,8.316,2.452e-10
7,223407060,11075153,"A","ADD",48,2.508,6.728,3.993e-08
7,223645161,11313254,"A","ADD",43,2.487,8.207,9.183e-10
7,225390444,13058537,"A","ADD",45,2.495,6.775,4.969e-08
7,225421648,13089741,"T","ADD",48,2.508,6.728,3.993e-08
7,225440041,13108134,"T","ADD",48,2.508,6.728,3.993e-08
7,225826298,13494391,"T","ADD",48,2.445,8.285,2.703e-10
7,225831370,13499463,"A","ADD",44,2.439,7.829,2.299e-09
7,231690732,19358825,"A","ADD",48,2.508,6.728,3.993e-08
7,238749435,26417528,"C","ADD",49,2.504,6.828,2.558e-08
7,238752785,26420878,"C","ADD",48,2.502,6.742,3.815e-08
7,238765691,26433784,"T","ADD",49,2.504,6.828,2.558e-08
7,238768783,26436876,"A","ADD",49,2.504,6.828,2.558e-08
8,259108020,17078492,"C","ADD",46,1.848,7.283,8.781e-09
8,259141204,17111676,"T","ADD",46,2.188,6.861,3.326e-08
8,259157665,17128137,"T","ADD",48,2.181,8.558,1.151e-10
9,289065726,18593176,"A","ADD",49,2.471,9.723,2.577e-12
11,330900555,14207998,"A","ADD",48,2.508,6.728,3.993e-08
11,334170685,17478128,"T","ADD",45,2.507,7.449,6.124e-09
12,372464607,26750944,"T","ADD",49,2.504,6.828,2.558e-08
12,372586006,26872343,"T","ADD",43,1.704,8.515,3.786e-10
12,372722444,27008781,"A","ADD",46,2.081,7.506,4.375e-09
12,372779670,27066007,"A","ADD",47,2.009,6.873,2.822e-08
